species,year,germ,survive,seedlings_per_m2,lx,bx,lxbx,seeds_per_m2,germ fraction,,,,,,,,
dapu,1983,21,14,30,0.67,4,2.67,.,.,,,,,,,,
drcu,1983,0,0,0,.,.,0,.,.,,,,,,,,
erci,1983,50,27,71.43,0.54,10.37,5.6,.,.,,,,,,,,
erla,1983,49,41,70,0.84,71.22,59.59,.,.,,,,,,,,
erte,1983,14,5,20,0.36,23,8.21,.,.,,,,,,,,
eumi,1983,0,0,0,.,.,0,.,.,,,,,,,,
evmu,1983,98,87,140,0.89,109.63,97.33,.,.,,,,,,,,
lare,1983,0,0,0,.,.,0,.,.,,,,,,,,
mobe,1983,91,15,130,0.16,34,5.6,.,.,,,,,,,,
pere,1983,2,0,2.86,0,.,0,.,.,,,,,,,,
plin,1983,287,233,410,0.81,30.63,24.87,.,.,,,,,,,,
plpa,1983,256,236,365.71,0.92,22.56,20.8,.,.,,,,,,,,
scba,1983,100,72,142.86,0.72,196.67,141.6,.,.,,,,,,,,
stmi,1983,15,12,21.43,0.8,72,57.6,.,.,,,,,,,,
vuoc,1983,0,0,0,.,.,0,.,.,,,,,,,,
dapu,1984,20,2,28.57,0.1,1.05,0.11,.,.,,,,,,,,
drcu,1984,0,0,0,.,.,0,.,.,,,,,,,,
erci,1984,47,12,67.14,0.26,6.5,1.66,.,.,,,,,,,,
erla,1984,72,4,102.86,0.06,7,0.39,.,.,,,,,,,,
erte,1984,20,7,28.57,0.35,2.29,0.8,.,.,,,,,,,,
eumi,1984,0,0,0,.,.,0,.,.,,,,,,,,
evmu,1984,299,80,427.14,0.27,64.75,17.32,.,.,,,,,,,,
lare,1984,0,0,0,.,.,0,.,.,,,,,,,,
mobe,1984,164,42,234.29,0.26,28.08,7.19,.,.,,,,,,,,
pere,1984,24,4,34.29,0.17,3.25,0.54,.,.,,,,,,,,
plin,1984,996,445,1422.86,0.45,6.97,3.12,.,.,,,,,,,,
plpa,1984,1748,1057,2497.14,0.6,5.75,3.48,.,.,,,,,,,,
scba,1984,1135,408,1621.43,0.36,11.4,4.1,.,.,,,,,,,,
stmi,1984,12,2,17.14,0.17,27,4.5,.,.,,,,,,,,
vuoc,1984,0,0,0,.,.,0,.,.,,,,,,,,
dapu,1985,17,11,28.33,0.65,.,.,.,.,,,,,,,,
drcu,1985,2,0,3.33,0,.,0,.,.,,,,,,,,
erci,1985,9,3,15,0.33,10,3.33,.,.,,,,,,,,
erla,1985,78,24,130,0.31,21.87,6.73,.,.,,,,,,,,
erte,1985,5,4,8.33,0.8,22.5,18,.,.,,,,,,,,
eumi,1985,0,0,0,.,.,0,.,.,,,,,,,,
evmu,1985,115,57,191.67,0.5,95.22,47.2,.,.,,,,,,,,
lare,1985,0,0,0,.,.,0,.,.,,,,,,,,
mobe,1985,61,22,101.67,0.36,19.27,6.95,.,.,,,,,,,,
pere,1985,4,0,6.67,0,.,0,.,.,,,,,,,,
plin,1985,286,111,476.67,0.39,17.63,6.84,.,.,,,,,,,,
plpa,1985,166,65,276.67,0.39,25.17,9.85,.,.,,,,,,,,
scba,1985,82,34,136.67,0.41,72.35,30,.,.,,,,,,,,
stmi,1985,7,3,11.67,0.43,48,20.57,.,.,,,,,,,,
vuoc,1985,0,0,0,.,.,0,.,.,,,,,,,,
dapu,1986,16,5,26.67,0.31,17.2,5.38,.,.,,,,,,,,
drcu,1986,0,0,0,.,.,0,.,.,,,,,,,,
erci,1986,23,9,38.33,0.39,28.89,11.3,.,.,,,,,,,,
erla,1986,67,15,111.67,0.22,24.05,5.39,.,.,,,,,,,,
erte,1986,7,4,11.67,0.57,8.75,5,.,.,,,,,,,,
eumi,1986,0,0,0,.,.,0,.,.,,,,,,,,
evmu,1986,179,28,298.33,0.16,77.77,12.16,.,.,,,,,,,,
lare,1986,0,0,0,.,.,0,.,.,,,,,,,,
mobe,1986,60,7,100,0.12,22,2.57,.,.,,,,,,,,
pere,1986,41,16,68.33,0.39,18,7.02,.,.,,,,,,,,
plin,1986,360,91,600,0.25,14.6,3.69,.,.,,,,,,,,
plpa,1986,127,73,211.67,0.57,34.42,19.78,.,.,,,,,,,,
scba,1986,175,55,291.67,0.31,82.09,25.8,.,.,,,,,,,,
stmi,1986,81,35,135,0.43,29.21,12.62,.,.,,,,,,,,
vuoc,1986,0,0,0,.,.,0,.,.,,,,,,,,
dapu,1987,20,14,33.33,0.7,4.86,3.4,.,.,,,,,,,,
drcu,1987,2,1,3.33,0.5,60.4,30.2,.,.,,,,,,,,
erci,1987,25,25,41.67,1,18.6,18.6,.,.,,,,,,,,
erla,1987,77,48,128.33,0.62,25.73,16.04,.,.,,,,,,,,
erte,1987,9,7,15,0.78,10,7.78,.,.,,,,,,,,
eumi,1987,0,0,0,.,.,0,.,.,,,,,,,,
evmu,1987,36,24,60,0.67,36.88,24.59,.,.,,,,,,,,
lare,1987,0,0,0,.,.,0,.,.,,,,,,,,
mobe,1987,48,30,80,0.63,45.3,28.31,.,.,,,,,,,,
pere,1987,101,79,168.33,0.78,48.37,37.83,.,.,,,,,,,,
plin,1987,123,87,205,0.71,27.81,19.67,.,.,,,,,,,,
plpa,1987,290,231,483.33,0.8,17.86,14.23,.,.,,,,,,,,
scba,1987,360,290,600,0.81,70.35,56.67,.,.,,,,,,,,
stmi,1987,96,62,160,0.65,17.94,11.59,.,.,,,,,,,,
vuoc,1987,13,13,21.67,1,15.42,15.42,.,.,,,,,,,,
dapu,1988,17,1,28.33,0.06,.,.,.,.,,,,,,,,
drcu,1988,0,0,0,.,.,0,.,.,,,,,,,,
erci,1988,31,1,51.67,0.03,5,0.16,.,.,,,,,,,,
erla,1988,105,30,175,0.29,9.67,2.76,.,.,,,,,,,,
erte,1988,19,2,31.67,0.11,5,0.53,.,.,,,,,,,,
eumi,1988,0,0,0,.,.,0,.,.,,,,,,,,
evmu,1988,40,3,66.67,0.08,7,0.53,.,.,,,,,,,,
lare,1988,0,0,0,.,.,0,.,.,,,,,,,,
mobe,1988,63,14,105,0.22,12.07,2.68,.,.,,,,,,,,
pere,1988,781,252,1301.67,0.32,8.39,2.71,.,.,,,,,,,,
plin,1988,325,47,541.67,0.14,3.06,0.44,.,.,,,,,,,,
plpa,1988,693,207,1155,0.3,3.59,1.07,.,.,,,,,,,,
scba,1988,195,11,325,0.06,5.83,0.33,.,.,,,,,,,,
stmi,1988,110,22,183.33,0.2,5.65,1.13,.,.,,,,,,,,
vuoc,1988,31,12,51.67,0.39,6.72,2.6,.,.,,,,,,,,
dapu,1989,2,0,3.33,0,.,0,.,.,,,,,,,,
drcu,1989,0,0,0,.,.,0,.,.,,,,,,,,
erci,1989,4,0,6.67,0,.,0,.,.,,,,,,,,
erla,1989,69,0,115,0,.,0,.,.,,,,,,,,
erte,1989,14,0,23.33,0,.,0,.,.,,,,,,,,
eumi,1989,0,0,0,.,.,0,.,.,,,,,,,,
evmu,1989,36,0,60,0,.,0,.,.,,,,,,,,
lare,1989,0,0,0,.,.,0,.,.,,,,,,,,
mobe,1989,42,2,70,0.05,18.58,0.88,.,.,,,,,,,,
pere,1989,199,4,331.67,0.02,4,0.08,.,.,,,,,,,,
plin,1989,73,15,121.67,0.21,9.87,2.03,.,.,,,,,,,,
plpa,1989,138,9,230,0.07,5.11,0.33,.,.,,,,,,,,
scba,1989,254,40,423.33,0.16,2.23,0.35,.,.,,,,,,,,
stmi,1989,5,0,8.33,0,.,0,.,.,,,,,,,,
vuoc,1989,0,0,0,.,.,0,.,.,,,,,,,,
dapu,1990,1,0,0.274,0,.,0,9.705,0.027,,,,,,,,
drcu,1990,0,0,0,.,.,0,0,0,,,,,,,,
erci,1990,3,1,0.822,0.333,35,11.667,0,1,,,,,,,,
erla,1990,5,3,1.37,0.6,40,24,0,1,,,,,,,,
erte,1990,8,2,2.192,0.25,45,11.25,0,1,,,,,,,,
eumi,1990,0,0,0,.,.,0,0,0,,,,,,,,
evmu,1990,2,0,0.548,0,.,0,65.495,0.008,,,,,,,,
lare,1990,0,0,0,.,.,0,9.705,0,,,,,,,,
mobe,1990,3,2,0.822,0.667,82,54.667,9.7,0.078,,,,,,,,
pere,1990,3,1,0.822,0.333,8,2.667,7.275,0.102,,,,,,,,
plin,1990,8,6,2.192,0.75,47.333,35.5,2.425,0.475,,,,,,,,
plpa,1990,5,0,1.37,0,.,0,7.275,0.158,,,,,,,,
scba,1990,24,15,6.575,0.625,117.867,73.667,97.03,0.063,,,,,,,,
stmi,1990,0,0,0,.,.,0,4.85,0,,,,,,,,
vuoc,1990,2,2,0.548,1,42,42,2.425,0.184,,,,,,,,
dapu,1991,28,6,6.829,0.214,287.5,61.607,2.425,0.738,,,,,,,,
drcu,1991,12,1,2.927,0.083,.,.,2.425,0.547,,,,,,,,
erci,1991,4,3,0.976,0.75,10,7.5,0,1,,,,,,,,
erla,1991,55,22,13.415,0.4,161.063,64.425,0,1,,,,,,,,
erte,1991,23,10,5.61,0.435,27.778,12.077,0,1,,,,,,,,
eumi,1991,30,3,7.317,0.1,.,.,2.425,0.751,,,,,,,,
evmu,1991,44,23,10.732,0.523,220.385,115.201,123.715,0.08,,,,,,,,
lare,1991,1,1,0.244,1,.,.,0,1,,,,,,,,
mobe,1991,35,6,8.537,0.171,79.8,13.68,0,1,,,,,,,,
pere,1991,13,3,3.171,0.231,270.667,62.462,0,1,,,,,,,,
plin,1991,13,8,3.171,0.615,112.5,69.231,0,1,,,,,,,,
plpa,1991,88,35,21.463,0.398,79.067,31.447,4.85,0.816,,,,,,,,
scba,1991,100,46,24.39,0.46,113,51.98,281.39,0.08,,,,,,,,
stmi,1991,0,0,0,.,.,0,2.425,0,,,,,,,,
vuoc,1991,8,3,1.951,0.375,.,.,0,1,,,,,,,,
dapu,1992,18,9,4.286,0.5,40.889,20.444,21.83,0.164,,,,,,,,
drcu,1992,15,4,3.571,0.267,58.25,15.533,0,1,,,,,,,,
erci,1992,35,31,8.333,0.886,39.355,34.857,0,1,,,,,,,,
erla,1992,116,74,27.619,0.638,125.781,80.24,0,1,,,,,,,,
erte,1992,22,10,5.238,0.455,131.5,59.773,0,1,,,,,,,,
eumi,1992,50,13,11.905,0.26,23.545,6.122,31.535,0.274,,,,,,,,
evmu,1992,75,36,17.857,0.48,93.814,45.031,41.24,0.302,,,,,,,,
lare,1992,2,1,0.476,0.5,44,22,0,1,,,,,,,,
mobe,1992,70,20,16.667,0.286,111.825,31.95,0,1,,,,,,,,
pere,1992,58,16,13.81,0.276,125.5,34.621,0,1,,,,,,,,
plin,1992,160,114,38.095,0.713,19.912,14.188,0,1,,,,,,,,
plpa,1992,420,189,100,0.45,41.862,18.838,2.425,0.976,,,,,,,,
scba,1992,930,777,221.429,0.835,1098.529,917.803,1423.93,0.135,,,,,,,,
stmi,1992,12,9,2.857,0.75,549.844,412.383,2.425,0.541,,,,,,,,
vuoc,1992,26,24,6.19,0.923,215.405,198.836,0,1,,,,,,,,
dapu,1993,36,18,30,0.5,6.333,3.167,174.575,0.147,,,,,,,,
drcu,1993,0,0,0,.,.,0,28.62,0,,,,,,,,
erci,1993,4,2,3.333,0.5,7.5,3.75,5.72,0.368,,,,,,,,
erla,1993,109,68,90.833,0.624,36.015,22.468,60.1,0.602,,,,,,,,
erte,1993,2,0,1.667,0,.,0,0,1,,,,,,,,
eumi,1993,0,0,0,.,.,0,176.01,0,,,,,,,,
evmu,1993,70,42,58.333,0.6,73.39,44.034,592.42,0.09,,,,,,,,
lare,1993,0,0,0,.,.,0,2.86,0,,,,,,,,
mobe,1993,135,102,112.5,0.756,26.765,20.222,0,1,,,,,,,,
pere,1993,110,78,91.667,0.709,15.785,11.193,94.445,0.493,,,,,,,,
plin,1993,167,106,139.167,0.635,4.906,3.114,25.765,0.844,,,,,,,,
plpa,1993,316,240,263.333,0.759,8.5,6.456,160.265,0.622,,,,,,,,
scba,1993,718,562,598.333,0.783,29.419,23.027,24137.555,0.024,,,,,,,,
stmi,1993,51,32,42.5,0.627,77.456,48.6,57.24,0.426,,,,,,,,
vuoc,1993,107,86,89.167,0.804,.,.,154.545,0.366,,,,,,,,
dapu,1994,12,10,10,0.833,.,.,163.44,0.058,,,,,,,,
drcu,1994,0,0,0,.,.,0,135.845,0,,,,,,,,
erci,1994,7,7,5.833,1,.,.,128.77,0.043,,,,,,,,
erla,1994,3,1,2.5,0.333,.,.,263.195,0.009,,,,,,,,
erte,1994,4,4,3.333,1,.,.,0,1,,,,,,,,
eumi,1994,0,0,0,.,.,0,3.185,0,,,,,,,,
evmu,1994,5,3,4.167,0.6,.,.,1014.595,0.004,,,,,,,,
lare,1994,0,0,0,.,.,0,6.37,0,,,,,,,,
mobe,1994,5,1,4.167,0.2,.,.,0,1,,,,,,,,
pere,1994,201,96,167.5,0.478,.,.,532.77,0.239,,,,,,,,
plin,1994,178,139,148.333,0.781,.,.,102.945,0.59,,,,,,,,
plpa,1994,137,100,114.167,0.73,.,.,926.86,0.11,,,,,,,,
scba,1994,76,53,63.333,0.697,.,.,14338.815,0.004,,,,,,,,
stmi,1994,49,38,40.833,0.776,.,.,83.485,0.328,,,,,,,,
vuoc,1994,145,74,120.833,0.51,.,.,825.695,0.128,,,,,,,,
dapu,1995,133,120,27.708,0.902,13.211,11.919,127.24,0.179,,,,,,,,
drcu,1995,88,72,18.333,0.818,244.032,199.663,2.995,0.86,,,,,,,,
erci,1995,112,107,23.333,0.955,31.37,29.969,5.855,0.799,,,,,,,,
erla,1995,222,132,46.25,0.595,43.627,25.94,95.08,0.327,,,,,,,,
erte,1995,11,6,2.292,0.545,10,5.455,0,1,,,,,,,,
eumi,1995,63,29,13.125,0.46,57.75,26.583,107.74,0.109,,,,,,,,
evmu,1995,155,117,32.292,0.755,86.024,64.934,544.44,0.056,,,,,,,,
lare,1995,45,33,9.375,0.733,72.276,53.002,0,1,,,,,,,,
mobe,1995,145,84,30.208,0.579,58.889,34.115,0,1,,,,,,,,
pere,1995,1433,1176,298.542,0.821,59.671,48.969,31.885,0.904,,,,,,,,
plin,1995,114,95,23.75,0.833,24.027,20.023,0,1,,,,,,,,
plpa,1995,1958,1665,407.917,0.85,27.884,23.712,58.585,0.874,,,,,,,,
scba,1995,1984,1462,413.333,0.737,82.457,60.762,5215.045,0.073,,,,,,,,
stmi,1995,598,377,124.583,0.63,72.745,45.861,96.465,0.564,,,,,,,,
vuoc,1995,958,815,199.583,0.851,82.355,70.062,62.79,0.761,,,,,,,,
dapu,1996,35,0,7.292,0,.,0,154.005,0.045,,,,,,,,
drcu,1996,48,0,10,0,.,0,1498.34,0.007,,,,,,,,
erci,1996,238,0,49.583,0,.,0,42.2,0.54,,,,,,,,
erla,1996,15,0,3.125,0,.,0,81.265,0.037,,,,,,,,
erte,1996,7,0,1.458,0,.,0,23.975,0.057,,,,,,,,
eumi,1996,1,0,0.208,0,.,0,228.875,0.001,,,,,,,,
evmu,1996,12,0,2.5,0,.,0,1385.5,0.002,,,,,,,,
lare,1996,1,0,0.208,0,.,0,96.835,0.002,,,,,,,,
mobe,1996,34,0,7.083,0,.,0,0,1,,,,,,,,
pere,1996,1821,9,379.375,0.005,12.1,0.06,5121.845,0.069,,,,,,,,
plin,1996,471,12,98.125,0.025,12,0.306,162.745,0.376,,,,,,,,
plpa,1996,1631,4,339.792,0.002,5.5,0.013,1363.775,0.199,,,,,,,,
scba,1996,908,2,189.167,0.002,12,0.026,7456.21,0.025,,,,,,,,
stmi,1996,59,0,12.292,0,.,0,45.375,0.213,,,,,,,,
vuoc,1996,332,2,69.167,0.006,.,.,858.56,0.075,,,,,,,,
dapu,1997,4,0,0.833,0,.,0,57.24,0.014,,,,,,,,
drcu,1997,11,0,2.292,0,.,0,297.64,0.008,,,,,,,,
erci,1997,40,1,8.333,0.025,10,0.25,0,1,,,,,,,,
erla,1997,8,0,1.667,0,.,0,82.995,0.02,,,,,,,,
erte,1997,1,1,0.208,1,10,10,0,1,,,,,,,,
eumi,1997,3,0,0.625,0,.,0,0,1,,,,,,,,
evmu,1997,0,0,0,.,.,0,718.34,0,,,,,,,,
lare,1997,9,2,1.875,0.222,8,1.778,0,1,,,,,,,,
mobe,1997,6,1,1.25,0.167,41,6.833,0,1,,,,,,,,
pere,1997,882,90,183.75,0.102,17.911,1.828,1073.225,0.146,,,,,,,,
plin,1997,27,9,5.625,0.333,7.333,2.444,108.75,0.049,,,,,,,,
plpa,1997,150,35,31.25,0.233,15.086,3.52,97.305,0.243,,,,,,,,
scba,1997,33,4,6.875,0.121,5.5,0.667,1677.09,0.004,,,,,,,,
stmi,1997,4,0,0.833,0,.,0,37.205,0.022,,,,,,,,
vuoc,1997,22,0,4.583,0,.,0,168.855,0.026,,,,,,,,
dapu,1998,80,30,16.667,0.375,106,39.75,14.165,0.541,,,,,,,,
drcu,1998,55,8,11.458,0.145,166.03,24.15,834.88,0.014,,,,,,,,
erci,1998,28,20,5.833,0.714,232.25,165.89,0,1,,,,,,,,
erla,1998,51,34,10.625,0.667,418.05,278.7,56.6,0.158,,,,,,,,
erte,1998,4,2,0.833,0.5,132.5,66.25,0,1,,,,,,,,
eumi,1998,17,7,3.542,0.412,.,.,0,1,,,,,,,,
evmu,1998,98,33,20.417,0.337,5478.87,1844.93,506.59,0.039,,,,,,,,
lare,1998,8,5,1.667,0.625,325.36,203.35,0,1,,,,,,,,
mobe,1998,1,1,0.208,1,.,.,0,1,,,,,,,,
pere,1998,906,643,188.75,0.71,173.79,123.34,50.94,0.787,,,,,,,,
plin,1998,23,10,4.792,0.435,61.87,28.9,39.62,0.108,,,,,,,,
plpa,1998,96,32,20,0.333,262.53,87.51,31.13,0.391,,,,,,,,
scba,1998,243,113,50.625,0.465,1413.79,657.44,591.495,0.079,,,,,,,,
stmi,1998,329,222,68.542,0.675,276.62,186.66,14.15,0.829,,,,,,,,
vuoc,1998,130,58,27.083,0.446,213.01,95.04,25.47,0.515,,,,,,,,
dapu,1999,39,0,6.5,0,.,0,175.465,0.036,,,,,,,,
drcu,1999,9,0,1.5,0,.,0,399.04,0.004,,,,,,,,
erci,1999,151,0,25.167,0,.,0,0,1,,,,,,,,
erla,1999,10,0,1.667,0,.,0,416.025,0.004,,,,,,,,
erte,1999,13,0,2.167,0,.,0,0,1,,,,,,,,
eumi,1999,1,0,0.167,0,.,0,0,1,,,,,,,,
evmu,1999,4,0,0.667,0,.,0,1896.17,0,,,,,,,,
lare,1999,26,0,4.333,0,.,0,0,1,,,,,,,,
mobe,1999,0,0,0,.,.,0,0,0,,,,,,,,
pere,1999,1475,3,245.833,0.002,6.087,0.012,2484.825,0.09,,,,,,,,
plin,1999,9,0,1.5,0,.,0,39.62,0.036,,,,,,,,
plpa,1999,79,0,13.167,0,.,0,158.485,0.077,,,,,,,,
scba,1999,195,3,32.5,0.015,3.7,0.057,982.045,0.032,,,,,,,,
stmi,1999,33,0,5.5,0,.,0,0,1,,,,,,,,
vuoc,1999,127,0,21.167,0,.,0,118.865,0.151,,,,,,,,
dapu,2000,0,0,0,.,.,0,234.895,0,,,,,,,,
drcu,2000,0,0,0,.,.,0,234.895,0,,,,,,,,
erci,2000,43,0,7.167,0,.,0,0,1,,,,,,,,
erla,2000,0,0,0,.,.,0,164.145,0,,,,,,,,
erte,2000,3,0,0.5,0,.,0,0,1,,,,,,,,
eumi,2000,0,0,0,.,.,0,0,0,,,,,,,,
evmu,2000,7,0,1.167,0,.,0,650.92,0.002,,,,,,,,
lare,2000,0,0,0,.,.,0,0,0,,,,,,,,
mobe,2000,0,0,0,.,.,0,0,0,,,,,,,,
pere,2000,1277,22,212.833,0.017,4.182,0.072,880.16,0.195,,,,,,,,
plin,2000,0,0,0,.,.,0,16.98,0,,,,,,,,
plpa,2000,0,0,0,.,.,0,31.13,0,,,,,,,,
scba,2000,11,0,1.833,0,.,0,229.24,0.008,,,,,,,,
stmi,2000,3,0,0.5,0,.,0,0,1,,,,,,,,
vuoc,2000,3,0,0.5,0,.,0,73.58,0.007,,,,,,,,
dapu,2001,523,466,90.172,0.891,293.078,261.136,7.278,0.925,,,,,,,,
drcu,2001,249,167,42.931,0.671,319.611,214.358,12.129,0.78,,,,,,,,
erci,2001,145,138,25,0.952,120.493,114.676,10.916,0.696,,,,,,,,
erla,2001,438,406,75.517,0.927,136.767,126.775,8.491,0.899,,,,,,,,
erte,2001,18,14,3.103,0.778,83.833,65.204,0,1,,,,,,,,
eumi,2001,320,182,55.172,0.569,.,.,97.031,0.362,,,,,,,,
evmu,2001,1086,995,187.241,0.916,379.57,347.764,390.55,0.324,,,,,,,,
lare,2001,165,131,28.448,0.794,124.5,98.845,7.278,0.796,,,,,,,,
mobe,2001,185,145,31.897,0.784,134.6,105.497,0,1,,,,,,,,
pere,2001,2123,1890,366.034,0.89,114.985,102.366,18.194,0.953,,,,,,,,
plin,2001,41,29,7.069,0.707,119.167,84.289,0,1,,,,,,,,
plpa,2001,105,89,18.103,0.848,231.269,196.028,1.213,0.937,,,,,,,,
scba,2001,682,557,117.586,0.817,358.759,293.004,67.922,0.634,,,,,,,,
stmi,2001,939,867,161.897,0.923,84.233,77.775,6.065,0.964,,,,,,,,
vuoc,2001,32,28,5.517,0.875,460.65,403.069,4.852,0.532,,,,,,,,
dapu,2002,15,0,2.586,0,.,0,483.942,0.005,,,,,,,,
drcu,2002,0,0,0,.,.,0,392.975,0,,,,,,,,
erci,2002,491,0,84.655,0,.,0,183.146,0.316,,,,,,,,
erla,2002,0,0,0,.,.,0,513.051,0,,,,,,,,
erte,2002,3,0,0.517,0,.,0,1.213,0.299,,,,,,,,
eumi,2002,0,0,0,.,.,0,418.446,0,,,,,,,,
evmu,2002,0,0,0,.,.,0,1812.052,0,,,,,,,,
lare,2002,1,0,0.172,0,.,0,366.292,0,,,,,,,,
mobe,2002,0,0,0,.,.,0,19.406,0,,,,,,,,
pere,2002,428,0,73.793,0,.,0,4131.091,0.018,,,,,,,,
plin,2002,1,0,0.172,0,.,0,41.238,0.004,,,,,,,,
plpa,2002,3,0,0.517,0,.,0,251.068,0.002,,,,,,,,
scba,2002,27,0,4.655,0,.,0,206.191,0.022,,,,,,,,
stmi,2002,0,0,0,.,.,0,1533.089,0,,,,,,,,
vuoc,2002,0,0,0,.,.,0,681.642,0,,,,,,,,
dapu,2003,11,0,1.897,0,.,0,69.135,0.027,,,,,,,,
drcu,2003,2,0,0.345,0,.,0,128.566,0.003,,,,,,,,
erci,2003,149,18,25.69,0.121,15,1.812,25.471,0.502,,,,,,,,
erla,2003,5,5,0.862,1,45,45,32.748,0.026,,,,,,,,
erte,2003,15,7,2.586,0.467,10.286,4.8,0,1,,,,,,,,
eumi,2003,4,0,0.69,0,.,0,61.858,0.011,,,,,,,,
evmu,2003,19,0,3.276,0,.,0,1038.231,0.003,,,,,,,,
lare,2003,7,7,1.207,1,51,51,47.303,0.025,,,,,,,,
mobe,2003,0,0,0,.,.,0,2.426,0,,,,,,,,
pere,2003,1166,232,201.034,0.199,28,5.571,308.073,0.395,,,,,,,,
plin,2003,61,23,10.517,0.377,50.957,19.213,0,1,,,,,,,,
plpa,2003,31,19,5.345,0.613,44.211,27.097,9.704,0.355,,,,,,,,
scba,2003,150,13,25.862,0.087,28.692,2.487,64.283,0.287,,,,,,,,
stmi,2003,11,1,1.897,0.091,20,1.818,206.191,0.009,,,,,,,,
vuoc,2003,0,0,0,.,.,0,48.516,0,,,,,,,,
dapu,2004,226,16,38.966,0.071,27.481,1.946,138.269,0.22,,,,,,,,
drcu,2004,208,17,35.862,0.082,419.316,34.271,7.277,0.831,,,,,,,,
erci,2004,62,18,10.69,0.29,81.111,23.548,0,1,,,,,,,,
erla,2004,72,9,12.414,0.125,128.333,16.042,50.941,0.196,,,,,,,,
erte,2004,35,17,6.034,0.486,44.706,21.714,0,1,,,,,,,,
eumi,2004,0,0,0,.,.,0,24.258,0,,,,,,,,
evmu,2004,62,4,10.69,0.065,253.075,16.327,322.628,0.032,,,,,,,,
lare,2004,79,13,13.621,0.165,41.333,6.802,174.656,0.072,,,,,,,,
mobe,2004,2,2,0.345,1,289.1,289.1,0,1,,,,,,,,
pere,2004,887,333,152.931,0.375,60.169,22.589,587.037,0.207,,,,,,,,
plin,2004,0,0,0,.,.,0,4.852,0,,,,,,,,
plpa,2004,68,15,11.724,0.221,19.639,4.332,2.426,0.829,,,,,,,,
scba,2004,134,30,23.103,0.224,244,54.627,63.07,0.268,,,,,,,,
stmi,2004,172,7,29.655,0.041,114.4,4.656,24.258,0.55,,,,,,,,
vuoc,2004,1,1,0.172,1,19,19,0,1,,,,,,,,
dapu,2005,63,37,10.862,0.587,61.412,36.067,50.941,0.176,,,,,,,,
drcu,2005,23,2,3.966,0.087,112.19,9.756,46.09,0.079,,,,,,,,
erci,2005,136,124,23.448,0.912,101.264,92.329,9.703,0.707,,,,,,,,
erla,2005,103,73,17.759,0.709,182.846,129.59,50.941,0.258,,,,,,,,
erte,2005,57,40,9.828,0.702,70.857,49.724,0,1,,,,,,,,
eumi,2005,0,0,0,.,.,0,84.902,0,,,,,,,,
evmu,2005,107,82,18.448,0.766,214.81,164.621,1479.721,0.012,,,,,,,,
lare,2005,3,2,0.517,0.667,66,44,24.258,0.021,,,,,,,,
mobe,2005,39,28,6.724,0.718,235.27,168.912,0,1,,,,,,,,
pere,2005,3005,2380,518.103,0.792,156,123.554,33.961,0.938,,,,,,,,
plin,2005,33,19,5.69,0.576,187.118,107.734,0,1,,,,,,,,
plpa,2005,22,19,3.793,0.864,142.364,122.951,2.426,0.61,,,,,,,,
scba,2005,202,179,34.828,0.886,769.745,682.101,75.199,0.317,,,,,,,,
stmi,2005,34,15,5.862,0.441,348.086,153.567,9.703,0.377,,,,,,,,
vuoc,2005,1,1,0.172,1,373.75,373.75,2.426,0.066,,,,,,,,
dapu,2006,0,0,0,.,.,0,64.057,0,,,,,,,,
drcu,2006,0,0,0,.,.,0,476.863,0,,,,,,,,
erci,2006,0,0,0,.,.,0,66.622,0,,,,,,,,
erla,2006,0,0,0,.,.,0,73.842,0,,,,,,,,
erte,2006,0,0,0,.,.,0,7.443,0,,,,,,,,
eumi,2006,0,0,0,.,.,0,338.685,0,,,,,,,,
evmu,2006,0,0,0,.,.,0,1521.296,0,,,,,,,,
lare,2006,0,0,0,.,.,0,9.812,0,,,,,,,,
mobe,2006,0,0,0,.,.,0,9.896,0,,,,,,,,
pere,2006,0,0,0,.,.,0,994.675,0,,,,,,,,
plin,2006,0,0,0,.,.,0,22.133,0,,,,,,,,
plpa,2006,0,0,0,.,.,0,2.481,0,,,,,,,,
scba,2006,0,0,0,.,.,0,1828.426,0,,,,,,,,
stmi,2006,0,0,0,.,.,0,565.256,0,,,,,,,,
vuoc,2006,0,0,0,.,.,0,22.189,0,,,,,,,,
dapu,2007,28,1,4.912,0.036,6,0.214,85.393,0.054,,,,,,,,
drcu,2007,43,1,7.544,0.023,21,0.488,391.449,0.019,,,,,,,,
erci,2007,186,55,32.632,0.296,10,2.957,12.156,0.729,,,,,,,,
erla,2007,18,3,3.158,0.167,9.8,1.633,314.451,0.01,,,,,,,,
erte,2007,24,11,4.211,0.458,13.636,6.25,7.305,0.366,,,,,,,,
eumi,2007,9,1,1.579,0.111,.,.,793.555,0.002,,,,,,,,
evmu,2007,0,0,0,.,.,0,2339.399,0,,,,,,,,
lare,2007,8,1,1.404,0.125,4,0.5,26.874,0.05,,,,,,,,
mobe,2007,6,0,1.053,0,.,0,4.879,0.177,,,,,,,,
pere,2007,1142,327,200.351,0.286,23.324,6.679,275.039,0.421,,,,,,,,
plin,2007,15,3,2.632,0.2,203.653,40.731,4.852,0.352,,,,,,,,
plpa,2007,52,14,9.123,0.269,135.11,36.376,2.426,0.79,,,,,,,,
scba,2007,268,84,47.018,0.313,23.333,7.313,285.069,0.142,,,,,,,,
stmi,2007,10,2,1.754,0.2,20.88,4.176,256.369,0.007,,,,,,,,
vuoc,2007,0,0,0,.,.,0,21.914,0,,,,,,,,
dapu,2008,38,29,6.552,0.763,39.034,29.789,118.504,0.052,,,,,,,,
drcu,2008,218,113,37.586,0.518,775.935,402.205,36.066,0.51,,,,,,,,
erci,2008,80,70,13.793,0.875,69.592,60.893,25.762,0.349,,,,,,,,
erla,2008,361,275,62.241,0.762,198.494,151.207,36.066,0.633,,,,,,,,
erte,2008,39,34,6.724,0.872,91.97,80.179,15.457,0.303,,,,,,,,
eumi,2008,350,105,60.345,0.3,699.075,209.722,92.742,0.394,,,,,,,,
evmu,2008,282,210,48.621,0.745,306.888,228.534,262.77,0.156,,,,,,,,
lare,2008,16,16,2.759,1,46.286,46.286,30.914,0.082,,,,,,,,
mobe,2008,143,96,24.655,0.671,145.402,97.613,5.152,0.827,,,,,,,,
pere,2008,299,194,51.552,0.649,271.355,176.063,443.102,0.104,,,,,,,,
plin,2008,21,17,3.621,0.81,161.7,130.9,0,1,,,,,,,,
plpa,2008,24,19,4.138,0.792,138.75,109.844,15.457,0.211,,,,,,,,
scba,2008,232,185,40,0.797,575.187,458.662,195.789,0.17,,,,,,,,
stmi,2008,68,26,11.724,0.382,147.425,56.369,30.914,0.275,,,,,,,,
vuoc,2008,12,10,2.069,0.833,166.089,138.407,10.305,0.167,,,,,,,,
dapu,2009,43,11,7.414,0.256,7.8,1.995,72.133,0.093,,,,,,,,
drcu,2009,257,4,44.31,0.016,26.7,0.416,51.523,0.462,,,,,,,,
erci,2009,114,39,19.655,0.342,13.676,4.679,92.742,0.175,,,,,,,,
erla,2009,86,20,14.828,0.233,17.68,4.112,901.661,0.016,,,,,,,,
erte,2009,27,20,4.655,0.741,20.75,15.37,15.457,0.231,,,,,,,,
eumi,2009,122,10,21.034,0.082,9,0.738,226.703,0.085,,,,,,,,
evmu,2009,47,0,8.103,0,.,0,587.367,0.014,,,,,,,,
lare,2009,94,10,16.207,0.106,6.667,0.709,51.523,0.239,,,,,,,,
mobe,2009,77,23,13.276,0.299,38.675,11.552,10.305,0.563,,,,,,,,
pere,2009,4638,1395,799.655,0.301,11.197,3.368,3029.579,0.209,,,,,,,,
plin,2009,35,9,6.034,0.257,23.111,5.943,5.152,0.539,,,,,,,,
plpa,2009,92,29,15.862,0.315,9.172,2.891,15.457,0.506,,,,,,,,
scba,2009,450,223,77.586,0.496,45.932,22.762,602.824,0.114,,,,,,,,
stmi,2009,42,2,7.241,0.048,14.6,0.695,72.133,0.091,,,,,,,,
vuoc,2009,51,6,8.793,0.118,10.933,1.286,0,1,,,,,,,,
dapu,2010,78,54,13.448,0.692,8.647,5.986,180.332,0.069,,,,,,,,
drcu,2010,926,523,159.655,0.565,153.204,86.529,5.152,0.969,,,,,,,,
erci,2010,151,129,26.034,0.854,23.032,19.676,139.113,0.158,,,,,,,,
erla,2010,1238,1110,213.448,0.897,52.608,47.169,757.395,0.22,,,,,,,,
erte,2010,58,56,10,0.966,26.731,25.809,108.199,0.085,,,,,,,,
eumi,2010,499,411,86.034,0.824,167.699,138.124,649.196,0.117,,,,,,,,
evmu,2010,1050,924,181.034,0.88,55.548,48.882,340.055,0.347,,,,,,,,
lare,2010,93,63,16.034,0.677,37.208,25.205,118.504,0.119,,,,,,,,
mobe,2010,215,195,37.069,0.907,29.933,27.149,0,1,,,,,,,,
pere,2010,1953,1389,336.724,0.711,35.925,25.551,886.203,0.275,,,,,,,,
plin,2010,65,55,11.207,0.846,20.769,17.574,5.152,0.685,,,,,,,,
plpa,2010,111,85,19.138,0.766,20.646,15.81,0,1,,,,,,,,
scba,2010,950,818,163.793,0.861,112.052,96.483,453.406,0.265,,,,,,,,
stmi,2010,73,42,12.586,0.575,15.916,9.157,51.523,0.196,,,,,,,,
vuoc,2010,34,34,5.862,1,75.3,75.3,5.152,0.532,,,,,,,,
dapu,2011,0,0,0,.,.,0,285.9551947,0,,,,,,,,
drcu,2011,25,0,4.310344828,0,.,0,914.5413884,0.004691012,,,,,,,,
erci,2011,130,0,22.4137931,0,.,0,10.3046917,0.68504985,,,,,,,,
erla,2011,3,0,0.517241379,0,.,0,966.0648469,0.000535124,,,,,,,,
erte,2011,23,0,3.965517241,0,.,0,56.67580435,0.065392988,,,,,,,,
eumi,2011,0,0,0,.,.,0,1380.828688,0,,,,,,,,
evmu,2011,0,0,0,.,.,0,2344.317362,0,,,,,,,,
lare,2011,58,0,10,0,.,0,77.28518775,0.114566976,,,,,,,,
mobe,2011,1,0,0.172413793,0,.,0,5.15234585,0.032379639,,,,,,,,
pere,2011,383,0,66.03448276,0,.,0,2769.385894,0.023289133,,,,,,,,
plin,2011,7,1,1.206896552,0.142857143,4,0.571428571,28.33790218,0.040849713,,,,,,,,
plpa,2011,1,0,0.172413793,0,.,0,97.89457115,0.001758123,,,,,,,,
scba,2011,1317,27,227.0689655,0.020501139,15.2,0.311617312,669.8049605,0.253178244,,,,,,,,
stmi,2011,1,0,0.172413793,0,.,0,0,1,,,,,,,,
vuoc,2011,7,0,1.206896552,0,.,0,25.76172925,0.044751874,,,,,,,,
dapu,2012,45,17,7.75862069,0.377777778,9.8,3.702222222,64.40432313,0.107515302,,,,,,,,
drcu,2012,379,144,65.34482759,0.37994723,58.33841406,22.1655188,25.76172925,0.717235179,,,,,,,,
erci,2012,116,83,20,0.715517241,23.83928571,17.05741995,0,1,,,,,,,,
erla,2012,1775,745,306.0344828,0.41971831,24.91823917,10.45864123,61.8281502,0.831925984,,,,,,,,
erte,2012,97,74,16.72413793,0.762886598,24.50819672,18.69697482,7.728518775,0.683939505,,,,,,,,
eumi,2012,974,240,167.9310345,0.246406571,50.25556378,12.38330114,157.1465484,0.516587557,,,,,,,,
evmu,2012,639,121,110.1724138,0.189358372,35.90083368,6.798123436,301.4122322,0.267678629,,,,,,,,
lare,2012,37,20,6.379310345,0.540540541,25.64705882,13.86327504,10.3046917,0.382360918,,,,,,,,
mobe,2012,50,21,8.620689655,0.42,27.88126025,11.71012931,0,1,,,,,,,,
pere,2012,2137,1320,368.4482759,0.617688348,36.1369863,22.32139538,285.9551947,0.56302922,,,,,,,,
plin,2012,116,62,20,0.534482759,23.11678709,12.35552413,0,1,,,,,,,,
plpa,2012,53,33,9.137931034,0.622641509,22.59987547,14.07162057,7.728518775,0.541781533,,,,,,,,
scba,2012,1025,636,176.7241379,0.620487805,181.5946999,112.6772967,100.4707441,0.637544736,,,,,,,,
stmi,2012,455,48,78.44827586,0.105494505,17.74338722,1.871829861,10.3046917,0.88389468,,,,,,,,
vuoc,2012,75,51,12.93103448,0.68,33.22743692,22.59465711,0,1,,,,,,,,
dapu,2013,3,1,0.517241379,0.333333333,4,1.333333333,30.9140751,0.016456243,,,,,,,,
drcu,2013,8,1,1.379310345,0.125,30.8640976,3.858012199,15.45703755,0.081924557,,,,,,,,
erci,2013,111,51,19.13793103,0.459459459,10.44444444,4.798798799,15.45703755,0.553199839,,,,,,,,
erla,2013,341,83,58.79310345,0.24340176,14.14500022,3.442917942,283.3790218,0.171823182,,,,,,,,
erte,2013,58,32,10,0.551724138,10.66666667,5.885057471,38.64259388,0.205581142,,,,,,,,
eumi,2013,10,0,1.724137931,0,.,0,453.4064348,0.003788227,,,,,,,,
evmu,2013,24,2,4.137931034,0.083333333,.,.,108.1992629,0.036834915,,,,,,,,
lare,2013,2,1,0.344827586,0.5,28,14,10.3046917,0.032379639,,,,,,,,
mobe,2013,31,12,5.344827586,0.387096774,38.53030378,14.9149563,0,1,,,,,,,,
pere,2013,2144,1451,369.6551724,0.676772388,21.61502347,14.62845105,515.234585,0.417741498,,,,,,,,
plin,2013,59,24,10.17241379,0.406779661,21.22222222,8.632768362,12.88086463,0.44125671,,,,,,,,
plpa,2013,33,20,5.689655172,0.606060606,15,9.090909091,7.728518775,0.424026041,,,,,,,,
scba,2013,683,521,117.7586207,0.762811127,10.69386354,8.157398103,352.9356907,0.250180675,,,,,,,,
stmi,2013,38,8,6.551724138,0.210526316,7.749999762,1.631578897,283.3790218,0.022597549,,,,,,,,
vuoc,2013,14,8,2.413793103,0.571428571,9.695871162,5.540497807,15.45703755,0.135068881,,,,,,,,
dapu,2014,10,2,1.724137931,0.2,12,2.4,38.64259388,0.042711853,,,,,,,,
drcu,2014,173,23,29.82758621,0.132947977,22.56333351,2.999749542,113.3516087,0.208323466,,,,,,,,
erci,2014,86,16,14.82758621,0.186046512,11.53846154,2.146690519,12.88086463,0.535128662,,,,,,,,
erla,2014,821,162,141.5517241,0.197320341,28.35365854,5.594753572,100.4707441,0.584870178,,,,,,,,
erte,2014,59,40,10.17241379,0.677966102,19.07894737,12.93487957,5.15234585,0.663789451,,,,,,,,
eumi,2014,237,64,40.86206897,0.270042194,23.71692276,6.404569859,370.9689012,0.099220486,,,,,,,,
evmu,2014,128,21,22.06896552,0.1640625,41.95526339,6.8832854,342.630999,0.060512662,,,,,,,,
lare,2014,4,0,0.689655172,0,.,0,7.728518775,0.081924557,,,,,,,,
mobe,2014,59,20,10.17241379,0.338983051,39.09411711,13.25224309,2.576172925,0.797924822,,,,,,,,
pere,2014,1966,1000,338.9655172,0.508646999,14.22485207,7.235428317,270.4981571,0.556170173,,,,,,,,
plin,2014,43,26,7.413793103,0.604651163,22.72727273,13.74207188,5.15234585,0.589981786,,,,,,,,
plpa,2014,27,10,4.655172414,0.37037037,16.22222222,6.008230453,0,1,,,,,,,,
scba,2014,1282,747,221.0344828,0.582683307,49.01036806,28.55752335,314.2930969,0.412895751,,,,,,,,
stmi,2014,28,11,4.827586207,0.392857143,29.66857038,11.65550979,141.6895109,0.032948962,,,,,,,,
vuoc,2014,1,1,0.172413793,1,52.29999924,52.29999924,2.576172925,0.062728162,,,,,,,,
dapu,2015,12,6,2.068965517,0.5,18.66666667,9.333333333,0,1,,,,,,,,
drcu,2015,59,15,10.17241379,0.254237288,181.2716629,46.08601598,18.03321048,0.360651964,,,,,,,,
erci,2015,9,4,1.551724138,0.444444444,131.25,58.33333333,2.576172925,0.375911539,,,,,,,,
erla,2015,304,198,52.4137931,0.651315789,97.89890841,63.76310482,110.7754358,0.321184146,,,,,,,,
erte,2015,36,29,6.206896552,0.805555556,172.0689655,138.6111111,0,1,,,,,,,,
eumi,2015,89,20,15.34482759,0.224719101,74.92333444,16.83670437,203.5176611,0.070111729,,,,,,,,
evmu,2015,121,16,20.86206897,0.132231405,245.4436354,32.45535675,56.67580435,0.269056502,,,,,,,,
lare,2015,0,0,0,.,.,0,0,0,,,,,,,,
mobe,2015,84,65,14.48275862,0.773809524,93.57882062,72.41218262,0,1,,,,,,,,
pere,2015,1047,325,180.5172414,0.310410697,21.59525426,6.703397931,46.37111265,0.795621451,,,,,,,,
plin,2015,36,24,6.206896552,0.666666667,43.14666663,28.76444442,20.6093834,0.231460015,,,,,,,,
plpa,2015,38,27,6.551724138,0.710526316,37.63411847,26.74003155,2.576172925,0.717769284,,,,,,,,
scba,2015,817,356,140.862069,0.435740514,430.6962724,187.6718152,252.4649467,0.358129656,,,,,,,,
stmi,2015,9,0,1.551724138,0,.,0,64.40432313,0.023526639,,,,,,,,
vuoc,2015,2,2,0.344827586,1,75.91499901,75.91499901,46.37111265,0.007381369,,,,,,,,
dapu,2016,59,21,10.17241379,0.355932203,25.66666667,9.13559322,.,.,,,,,,,,
drcu,2016,144,38,24.82758621,0.263888889,69.4222223,18.31975311,.,.,,,,,,,,
erci,2016,50,30,8.620689655,0.6,13.54166667,8.125,.,.,,,,,,,,
erla,2016,134,27,23.10344828,0.201492537,36.70727218,7.39624141,.,.,,,,,,,,
erte,2016,72,51,12.4137931,0.708333333,16.12244898,11.42006803,.,.,,,,,,,,
eumi,2016,19,5,3.275862069,0.263157895,.,.,.,.,,,,,,,,
evmu,2016,172,34,29.65517241,0.197674419,281.7286996,55.69055689,.,.,,,,,,,,
lare,2016,2,0,0.344827586,0,.,0,.,.,,,,,,,,
mobe,2016,211,80,36.37931034,0.379146919,50.46428571,19.13337847,.,.,,,,,,,,
pere,2016,699,189,120.5172414,0.270386266,6.637931034,1.794805387,.,.,,,,,,,,
plin,2016,848,605,146.2068966,0.713443396,12.38235294,8.834107936,.,.,,,,,,,,
plpa,2016,183,125,31.55172414,0.683060109,17.13636364,11.70516642,.,.,,,,,,,,
scba,2016,5705,3262,983.6206897,0.571779141,110.105465,62.95600822,.,.,,,,,,,,
stmi,2016,78,24,13.44827586,0.307692308,54.6,16.8,.,.,,,,,,,,
vuoc,2016,0,0,0,.,.,0,.,.,,,,,,,,
